{
    "31": "м. Київ",
    "30": "м. Севастополь",
    "29": "Автономна Республіка Крим",
    "8": "Волинська область",
    "38": "Володимирський район",
    "255": "м. Володимир та Володимирська територіальна громада",
    "256": "Затурцівська територіальна громада",
    "257": "Зимнівська територіальна громада",
    "259": "Литовезька територіальна громада",
    "260": "Локачинська територіальна громада",
    "261": "м. Нововолинськ та Нововолинська територіальна громада",
    "262": "Оваднівська територіальна громада",
    "263": "Павлівська територіальна громада",
    "264": "Поромівська територіальна громада",
    "265": "Устилузька територіальна громада",
    "258": "Іваничівська територіальна громада",
    "41": "Камінь-Каширський район",
    "266": "Камінь-Каширська територіальна громада",
    "267": "Любешівська територіальна громада",
    "268": "Маневицька територіальна громада",
    "269": "Прилісненська територіальна громада",
    "270": "Сошичненська територіальна громада",
    "40": "Ковельський район",
    "232": "Велимченська територіальна громада",
    "233": "Велицька територіальна громада",
    "234": "Вишнівська територіальна громада",
    "235": "Голобська територіальна громада",
    "236": "Головненська територіальна громада",
    "237": "Дубечненська територіальна громада",
    "238": "Дубівська територіальна громада",
    "239": "Заболоттівська територіальна громада",
    "240": "Забродівська територіальна громада",
    "241": "м. Ковель та Ковельська територіальна громада",
    "242": "Колодяжненська територіальна громада",
    "243": "Луківська територіальна громада",
    "244": "Люблинецька територіальна громада",
    "245": "м. Любомиль та Любомльська територіальна громада",
    "246": "Поворська територіальна громада",
    "247": "Ратнівська територіальна громада",
    "248": "Рівненська територіальна громада",
    "249": "Самарівська територіальна громада",
    "250": "Сереховичівська територіальна громада",
    "251": "Смідинська територіальна громада",
    "252": "Старовижівська територіальна громада",
    "253": "Турійська територіальна громада",
    "254": "м. Шацьк та Шацька територіальна громада",
    "39": "Луцький район",
    "217": "Берестечківська територіальна громада",
    "218": "Боратинська територіальна громада",
    "219": "Городищенська територіальна громада",
    "220": "Горохівська територіальна громада",
    "221": "Доросинівська територіальна громада",
    "223": "Колківська територіальна громада",
    "224": "Копачівська територіальна громада",
    "222": "Ківерцівська територіальна громада",
    "225": "м. Луцьк та Луцька територіальна громада",
    "226": "Мар'янівська територіальна громада",
    "227": "Олицька територіальна громада",
    "228": "Підгайцівська територіальна громада",
    "229": "Рожищенська територіальна громада",
    "230": "Торчинська територіальна громада",
    "231": "Цуманська територіальна громада",
    "4": "Вінницька область",
    "36": "Вінницький район",
    "154": "Агрономічна територіальна громада",
    "156": "Вороновицька територіальна громада",
    "155": "м. Вінниця та Вінницька територіальна громада",
    "157": "Гніванська територіальна громада",
    "159": "Липовецька територіальна громада",
    "161": "Лука-Мелешківська територіальна громада",
    "160": "Літинська територіальна громада",
    "162": "Немирівська територіальна громада",
    "163": "Оратівська територіальна громада",
    "164": "Погребищенська територіальна громада",
    "165": "Стрижавська територіальна громада",
    "166": "Сутисківська територіальна громада",
    "167": "Тиврівська територіальна громада",
    "168": "Турбівська територіальна громада",
    "169": "Якушинецька територіальна громада",
    "158": "Іллінецька територіальна громада",
    "37": "Гайсинський район",
    "185": "Бершадська територіальна громада",
    "186": "Гайсинська територіальна громада",
    "187": "Дашівська територіальна громада",
    "188": "Джулинська територіальна громада",
    "189": "Краснопільська територіальна громада",
    "190": "Кунківська територіальна громада",
    "191": "м. Ладижин та Ладижинська територіальна громада",
    "192": "Ободівська територіальна громада",
    "193": "Ольгопільська територіальна громада",
    "194": "Райгородська територіальна громада",
    "195": "Соболівська територіальна громада",
    "196": "Теплицька територіальна громада",
    "197": "Тростянецька територіальна громада",
    "198": "Чечельницька територіальна громада",
    "35": "Жмеринський район",
    "177": "Барська територіальна громада",
    "178": "Джуринська територіальна громада",
    "179": "м. Жмеринка та Жмеринська територіальна громада",
    "180": "Копайгородська територіальна громада",
    "181": "Мурафська територіальна громада",
    "182": "Северинівська територіальна громада",
    "183": "Станіславчицька територіальна громада",
    "184": "Шаргородська територіальна громада",
    "33": "Могилів-Подільський район",
    "170": "Бабчинецька територіальна громада",
    "171": "Вендичанська територіальна громада",
    "172": "м. Могилів-Подільський та Могилів-Подільська територіальна громада",
    "173": "Мурованокуриловецька територіальна громада",
    "174": "Чернівецька територіальна громада",
    "175": "Ямпільська територіальна громада",
    "176": "Яришівська територіальна громада",
    "32": "Тульчинський район",
    "199": "Брацлавська територіальна громада",
    "200": "Вапнярська територіальна громада",
    "201": "Городківська територіальна громада",
    "202": "Крижопільська територіальна громада",
    "203": "Піщанська територіальна громада",
    "204": "Студенянська територіальна громада",
    "205": "Томашпільська територіальна громада",
    "206": "Тульчинська територіальна громада",
    "207": "Шпиківська територіальна громада",
    "34": "Хмільницький район",
    "208": "Глуховецька територіальна громада",
    "209": "Жданівська територіальна громада",
    "211": "Калинівська територіальна громада",
    "212": "м. Козятин та Козятинська територіальна громада",
    "213": "Махнівська територіальна громада",
    "214": "Самгородоцька територіальна громада",
    "215": "Уланівська територіальна громада",
    "216": "м. Хмільник та Хмільницька територіальна громада",
    "210": "Іванівська територіальна громада",
    "9": "Дніпропетровська область",
    "44": "Дніпровський район",
    "332": "м. Дніпро та Дніпровська територіальна громада",
    "333": "Китайгородська територіальна громада",
    "334": "Любимівська територіальна громада",
    "335": "Ляшківська територіальна громада",
    "336": "Миколаївська територіальна громада",
    "337": "Могилівська територіальна громада",
    "338": "Новоолександрівська територіальна громада",
    "339": "Новопокровська територіальна громада",
    "340": "Обухівська територіальна громада",
    "341": "Петриківська територіальна громада",
    "342": "Підгородненська територіальна громада",
    "343": "Святовасилівська територіальна громада",
    "344": "Слобожанська територіальна громада",
    "345": "Солонянська територіальна громада",
    "346": "Сурсько-Литовська територіальна громада",
    "347": "Царичанська територіальна громада",
    "348": "Чумаківська територіальна громада",
    "42": "Кам'янський район",
    "293": "Божедарівська територіальна громада",
    "295": "Верхньодніпровська територіальна громада",
    "294": "Верхівцівська територіальна громада",
    "296": "Вишнівська територіальна громада",
    "297": "м. Вільногірськ та Вільногірська територіальна громада",
    "298": "м. Жовті Води та Жовтоводська територіальна громада",
    "299": "Затишнянська територіальна громада",
    "300": "м. Кам'янське та Кам'янська територіальна громада",
    "301": "Криничанська територіальна громада",
    "302": "Лихівська територіальна громада",
    "303": "П'ятихатська територіальна громада",
    "304": "Саксаганська територіальна громада",
    "46": "Криворізький район",
    "271": "Апостолівська територіальна громада",
    "272": "Вакулівська територіальна громада",
    "273": "Глеюватська територіальна громада",
    "274": "Гречаноподівська територіальна громада",
    "275": "Грушівська територіальна громада",
    "276": "Девладівська територіальна громада",
    "277": "Зеленодольська територіальна громада",
    "278": "Карпівська територіальна громада",
    "279": "м. Кривий Ріг та Криворізька територіальна громада",
    "280": "Лозуватська територіальна громада",
    "281": "Нивотрудівська територіальна громада",
    "282": "Новолатівська територіальна громада",
    "283": "Новопільська територіальна громада",
    "284": "Софіївська територіальна громада",
    "285": "Широківська територіальна громада",
    "47": "Нікопольський район",
    "349": "м. Марганець та Марганецька територіальна громада",
    "350": "Мирівська територіальна громада",
    "351": "м. Нікополь та Нікопольська територіальна громада",
    "352": "Першотравневська територіальна громада",
    "354": "м. Покров та Покровська територіальна громада",
    "353": "Покровська територіальна громада",
    "355": "Томаківська територіальна громада",
    "356": "Червоногригорівська територіальна громада",
    "45": "Павлоградський район",
    "286": "Богданівська територіальна громада",
    "287": "Вербківська територіальна громада",
    "288": "Межиріцька територіальна громада",
    "289": "м. Павлоград та Павлоградська територіальна громада",
    "290": "м. Тернівка та Тернівська територіальна громада",
    "291": "Троїцька територіальна громада",
    "292": "Юр'ївська територіальна громада",
    "43": "Самарівський район",
    "324": "Губиниська територіальна громада",
    "325": "Личківська територіальна громада",
    "326": "Магдалинівська територіальна громада",
    "328": "Перещепинська територіальна громада",
    "329": "Піщанська територіальна громада",
    "327": "м. Самар та Самарівська територіальна громада",
    "330": "Черкаська територіальна громада",
    "331": "Чернеччинська територіальна громада",
    "48": "Синельниківський район",
    "305": "Брагинівська територіальна громада",
    "306": "Васильківська територіальна громада",
    "307": "Великомихайлівська територіальна громада",
    "308": "Дубовиківська територіальна громада",
    "309": "Зайцівська територіальна громада",
    "311": "Маломихайлівська територіальна громада",
    "312": "Межівська територіальна громада",
    "313": "Миколаївська територіальна громада",
    "314": "Новопавлівська територіальна громада",
    "316": "Петропавлівська територіальна громада",
    "317": "Покровська територіальна громада",
    "318": "Раївська територіальна громада",
    "319": "Роздорська територіальна громада",
    "320": "м. Синельникове та Синельниківська територіальна громада",
    "321": "Славгородська територіальна громада",
    "322": "Слов'янська територіальна громада",
    "323": "Українська територіальна громада",
    "315": "м. Шахтарськ та Шахтарська територіальна громада",
    "310": "Іларіонівська територіальна громада",
    "28": "Донецька область",
    "54": "Бахмутський район",
    "383": "Бахмутська територіальна громада",
    "384": "Званівська територіальна громада",
    "385": "Світлодарська територіальна громада",
    "387": "Соледарська територіальна громада",
    "386": "Сіверська територіальна громада",
    "388": "Торецька територіальна громада",
    "389": "Часовоярська територіальна громада",
    "55": "Волноваський район",
    "390": "Великоновосілківська територіальна громада",
    "391": "Волноваська територіальна громада",
    "392": "Вугледарська територіальна громада",
    "393": "Комарська територіальна громада",
    "394": "Мирненська територіальна громада",
    "395": "Ольгинська територіальна громада",
    "396": "Старомлинівська територіальна громада",
    "397": "Хлібодарівська територіальна громада",
    "51": "Горлівський район",
    "414": "Вуглегірська міська громада",
    "415": "м. Горлівка та Горлівська міська громада",
    "416": "Дебальцівська міська громада",
    "418": "Жданівська міська громада",
    "419": "Сніжнянська міська громада",
    "420": "Хрестівська міська громада",
    "421": "Чистяківська міська громада",
    "422": "Шахтарська міська громада",
    "417": "м. Єнакієве та Єнакієвська міська громада",
    "53": "Донецький район",
    "403": "Амвросіївська міська громада",
    "404": "Донецька міська громада",
    "406": "м. Макіївка та Макіївська міська громада",
    "407": "Харцизьк міська громада",
    "408": "Ясинуватська міська громада",
    "405": "Іловайська міська громада",
    "49": "Кальміуський район",
    "409": "Бойківська селищна громада",
    "410": "Докучаєвська міська громада",
    "411": "Кальміуська міська громада",
    "412": "Новоазовська міська громада",
    "413": "Старобешівська селищна громада",
    "50": "Краматорський район",
    "371": "Андріївська територіальна громада",
    "372": "Дружківська територіальна громада",
    "374": "Костянтинівська територіальна громада",
    "375": "м. Краматорськ та Краматорська територіальна громада",
    "376": "Лиманська територіальна громада",
    "377": "Миколаївська територіальна громада",
    "378": "Новодонецька територіальна громада",
    "379": "Олександрівська територіальна громада",
    "380": "Святогірська територіальна громада",
    "381": "м. Слов'янськ та Слов'янська територіальна громада",
    "382": "Черкаська територіальна громада",
    "373": "Іллінівська територіальна громада",
    "52": "Маріупольський район",
    "398": "Кальчицька територіальна громада",
    "399": "Мангушська територіальна громада",
    "400": "м. Маріуполь та Маріупольська територіальна громада",
    "401": "Нікольська територіальна громада",
    "402": "Сартанська територіальна громада",
    "56": "Покровський район",
    "357": "Авдіївська територіальна громада",
    "358": "Білозерська територіальна громада",
    "359": "Гродівська територіальна громада",
    "360": "Добропільська територіальна громада",
    "361": "Криворізька територіальна громада",
    "362": "Курахівська територіальна громада",
    "363": "Мар'їнська територіальна громада",
    "364": "Мирноградська територіальна громада",
    "365": "Новогродівська територіальна громада",
    "366": "Очеретинська територіальна громада",
    "367": "Покровська територіальна громада",
    "368": "Селидівська територіальна громада",
    "369": "Удачненська територіальна громада",
    "370": "Шахівська територіальна громада",
    "10": "Житомирська область",
    "57": "Бердичівський район",
    "423": "Андрушівська територіальна громада",
    "424": "м. Бердичів та Бердичівська територіальна громада",
    "425": "Вчорайшенська територіальна громада",
    "426": "Гришковецька територіальна громада",
    "427": "Краснопільська територіальна громада",
    "428": "Райгородська територіальна громада",
    "429": "Ружинська територіальна громада",
    "430": "Семенівська територіальна громада",
    "431": "Червоненська територіальна громада",
    "432": "Швайківська територіальна громада",
    "59": "Житомирський район",
    "433": "Андрушківська територіальна громада",
    "434": "Березівська територіальна громада",
    "435": "Брусилівська територіальна громада",
    "436": "Високівська територіальна громада",
    "437": "Вишевицька територіальна громада",
    "439": "Волицька територіальна громада",
    "438": "Вільшанська територіальна громада",
    "440": "Глибочицька територіальна громада",
    "441": "Городоцька територіальна громада",
    "442": "м. Житомир та Житомирська територіальна громада",
    "443": "Квітнева територіальна громада",
    "444": "Корнинська територіальна громада",
    "445": "Коростишівська територіальна громада",
    "446": "Курненська територіальна громада",
    "447": "Любарська територіальна громада",
    "448": "Миропільська територіальна громада",
    "449": "Новоборівська територіальна громада",
    "450": "Новогуйвинська територіальна громада",
    "451": "Оліївська територіальна громада",
    "452": "Попільнянська територіальна громада",
    "453": "Потіївська територіальна громада",
    "454": "Пулинська територіальна громада",
    "455": "Радомишльська територіальна громада",
    "456": "Романівська територіальна громада",
    "457": "Станишівська територіальна громада",
    "458": "Старосілецька територіальна громада",
    "459": "Тетерівська територіальна громада",
    "460": "Харитонівська територіальна громада",
    "461": "Хорошівська територіальна громада",
    "462": "Черняхівська територіальна громада",
    "463": "Чуднівська територіальна громада",
    "60": "Звягельський район",
    "464": "Баранівська територіальна громада",
    "465": "Барашівська територіальна громада",
    "466": "Брониківська територіальна громада",
    "467": "Городницька територіальна громада",
    "468": "Довбиська територіальна громада",
    "469": "Дубрівська територіальна громада",
    "471": "м. Звягель та Звягельська територіальна громада",
    "472": "Піщівська територіальна громада",
    "473": "Стриївська територіальна громада",
    "474": "Чижівська територіальна громада",
    "475": "Ярунська територіальна громада",
    "470": "Ємільчинська територіальна громада",
    "58": "Коростенський район",
    "476": "Білокоровицька територіальна громада",
    "477": "Гладковицька територіальна громада",
    "478": "Горщиківська територіальна громада",
    "480": "м. Коростень та Коростенська територіальна громада",
    "481": "Лугинська територіальна громада",
    "482": "м. Малин та Малинська територіальна громада",
    "483": "Народицька територіальна громада",
    "484": "Овруцька територіальна громада",
    "485": "Олевська територіальна громада",
    "486": "Словечанська територіальна громада",
    "487": "Ушомирська територіальна громада",
    "488": "Чоповицька територіальна громада",
    "479": "Іршанська територіальна громада",
    "11": "Закарпатська область",
    "61": "Берегівський район",
    "503": "Батівська територіальна громада",
    "504": "м. Берегове та Берегівська територіальна громада",
    "505": "Великоберезька територіальна громада",
    "506": "Великобийганська територіальна громада",
    "507": "Вилоцька територіальна громада",
    "508": "м. Виноградів та Виноградівська територіальна громада",
    "509": "Кам'янська територіальна громада",
    "510": "Королівська територіальна громада",
    "511": "Косоньська територіальна громада",
    "512": "Пийтерфолвівська територіальна громада",
    "65": "Мукачівський район",
    "540": "Великолучківська територіальна громада",
    "541": "Верхньокоропецька територіальна громада",
    "542": "Воловецька територіальна громада",
    "543": "Горондівська територіальна громада",
    "544": "Жденіївська територіальна громада",
    "546": "Кольчинська територіальна громада",
    "547": "м. Мукачево та Мукачівська територіальна громада",
    "548": "Неліпинська територіальна громада",
    "549": "Нижньоворітська територіальна громада",
    "550": "Полянська територіальна громада",
    "551": "Свалявська територіальна громада",
    "552": "Чинадіївська територіальна громада",
    "545": "Івановецька територіальна громада",
    "63": "Рахівський район",
    "536": "Богданська територіальна громада",
    "537": "Великобичківська територіальна громада",
    "538": "м. Рахів та Рахівська територіальна громада",
    "539": "Ясінянська територіальна громада",
    "64": "Тячівський район",
    "513": "Бедевлянська територіальна громада",
    "514": "Буштинська територіальна громада",
    "515": "Вільховецька територіальна громада",
    "516": "Дубівська територіальна громада",
    "517": "Нересницька територіальна громада",
    "518": "Солотвинська територіальна громада",
    "519": "Тересвянська територіальна громада",
    "520": "м. Тячів та Тячівська територіальна громада",
    "521": "Углянська територіальна громада",
    "522": "Усть-Чорнянська територіальна громада",
    "66": "Ужгородський район",
    "489": "Баранинська територіальна громада",
    "490": "Великоберезнянська територіальна громада",
    "491": "Великодобронська територіальна громада",
    "492": "Дубриницько-Малоберезня територіальна громада",
    "493": "Костринська територіальна громада",
    "494": "Оноківська територіальна громада",
    "495": "Перечинська територіальна громада",
    "496": "Середнянська територіальна громада",
    "497": "Ставненська територіальна громада",
    "498": "Сюртівська територіальна громада",
    "499": "Тур'є-Реметівська територіальна громада",
    "500": "м. Ужгород та Ужгородська територіальна громада",
    "501": "Холмківська територіальна громада",
    "502": "м. Чоп та Чопська територіальна громада",
    "62": "Хустський район",
    "523": "Білківська територіальна громада",
    "524": "Вишківська територіальна громада",
    "525": "Горінчівська територіальна громада",
    "526": "Довжанська територіальна громада",
    "527": "Драгівська територіальна громада",
    "528": "Зарічанська територіальна громада",
    "530": "Керецьківська територіальна громада",
    "531": "Колочавська територіальна громада",
    "532": "м. Міжгір'я та Міжгірська територіальна громада",
    "533": "Пилипецька територіальна громада",
    "534": "Синевирська територіальна громада",
    "535": "м. Хуст та Хустська територіальна громада",
    "529": "м. Іршава та Іршавська територіальна громада",
    "12": "Запорізька область",
    "147": "Бердянський район",
    "553": "Андрівська територіальна громада",
    "554": "Андріївська територіальна громада",
    "555": "м. Бердянськ та Бердянська територіальна громада",
    "556": "Берестівська територіальна громада",
    "557": "Коларівська територіальна громада",
    "558": "Осипенківська територіальна громада",
    "559": "Приморська територіальна громада",
    "560": "Чернігівська територіальна громада",
    "146": "Василівський район",
    "593": "Благовіщенська територіальна громада",
    "594": "Василівська територіальна громада",
    "595": "Великобілозерська територіальна громада",
    "596": "Водянська територіальна громада",
    "597": "Дніпрорудненська територіальна громада",
    "598": "м. Енергодар та Енергодарська територіальна громада",
    "599": "Кам'янсько-Дніпровська територіальна громада",
    "600": "Малобілозерська територіальна громада",
    "601": "Михайлівська територіальна громада",
    "602": "Роздольська територіальна громада",
    "603": "Степногірська територіальна громада",
    "149": "Запорізький район",
    "561": "Біленьківська територіальна громада",
    "562": "Вільнянська територіальна громада",
    "563": "Долинська територіальна громада",
    "564": "м. Запоріжжя та Запорізька територіальна громада",
    "565": "Комишуваська територіальна громада",
    "566": "Кушугумська територіальна громада",
    "567": "Матвіївська територіальна громада",
    "569": "Михайло-Лукашівська територіальна громада",
    "568": "Михайлівська територіальна громада",
    "570": "Новомиколаївська територіальна громада",
    "571": "Новоолександрівська територіальна громада",
    "572": "Павлівська територіальна громада",
    "573": "Петро-Михайлівська територіальна громада",
    "574": "Степненська територіальна громада",
    "575": "Таврійська територіальна громада",
    "576": "Тернуватська територіальна громада",
    "577": "Широківська територіальна громада",
    "148": "Мелітопольський район",
    "604": "Веселівська територіальна громада",
    "605": "Кирилівська територіальна громада",
    "606": "Костянтинівська територіальна громада",
    "607": "м. Мелітополь та Мелітопольська територіальна громада",
    "608": "Мирненська територіальна громада",
    "609": "Новенська територіальна громада",
    "610": "Новобогданівська територіальна громада",
    "611": "Нововасилівська територіальна громада",
    "612": "Новоуспенівська територіальна громада",
    "613": "Олександрівська територіальна громада",
    "614": "Плодородненська територіальна громада",
    "615": "Приазовська територіальна громада",
    "616": "Семенівська територіальна громада",
    "617": "Терпіннівська територіальна громада",
    "618": "Чкаловська територіальна громада",
    "619": "Якимівська територіальна громада",
    "145": "Пологівський район",
    "578": "Більмацька територіальна громада",
    "579": "Воздвижівська територіальна громада",
    "580": "Воскресенська територіальна громада",
    "581": "Гуляйпільська територіальна громада",
    "582": "Комиш-Зорянська територіальна громада",
    "583": "Малинівська територіальна громада",
    "584": "Малотокмачанська територіальна громада",
    "585": "Молочанська територіальна громада",
    "586": "Оріхівська територіальна громада",
    "587": "Пологівська територіальна громада",
    "588": "Преображенська територіальна громада",
    "589": "Розівська територіальна громада",
    "590": "Смирновська територіальна громада",
    "591": "м. Токмак та Токмацька територіальна громада",
    "592": "Федорівська територіальна громада",
    "14": "Київська область",
    "78": "Бориспільський район",
    "733": "м. Бориспіль та Бориспільська територіальна громада",
    "734": "Вороньківська територіальна громада",
    "735": "Гірська територіальна громада",
    "736": "Дівичківська територіальна громада",
    "737": "Золочівська територіальна громада",
    "738": "м. Переяслав та Переяславська територіальна громада",
    "739": "Пристолична територіальна громада",
    "740": "Студениківська територіальна громада",
    "741": "Ташанська територіальна громада",
    "742": "Циблівська територіальна громада",
    "743": "Яготинська територіальна громада",
    "79": "Броварський район",
    "682": "Баришівська територіальна громада",
    "683": "м. Березань та Березанська територіальна громада",
    "684": "м. Бровари та Броварська територіальна громада",
    "685": "Великодимерська територіальна громада",
    "686": "Зазимська територіальна громада",
    "687": "Згурівська територіальна громада",
    "688": "Калинівська територіальна громада",
    "689": "Калитянська територіальна громада",
    "75": "Бучанський район",
    "700": "Бородянська територіальна громада",
    "701": "Борщагівська територіальна громада",
    "702": "м. Буча та Бучанська територіальна громада",
    "699": "Білогородська територіальна громада",
    "703": "Вишнева територіальна громада",
    "704": "Гостомелська територіальна громада",
    "705": "Дмитрівська територіальна громада",
    "707": "Коцюбинська територіальна громада",
    "708": "Макарівська територіальна громада",
    "709": "Немішаївська територіальна громада",
    "710": "Пісківська територіальна громада",
    "706": "м. Ірпінь та Ірпінська територіальна громада",
    "73": "Білоцерківський район",
    "711": "м. Біла Церква та Білоцерківська територіальна громада",
    "712": "Володарська територіальна громада",
    "713": "Гребінківська територіальна громада",
    "714": "Ковалівська територіальна громада",
    "715": "Маловільшанська територіальна громада",
    "716": "Медвинська територіальна громада",
    "717": "Рокитнянська територіальна громада",
    "718": "Сквирська територіальна громада",
    "719": "Ставищенська територіальна громада",
    "720": "Таращанська територіальна громада",
    "721": "Тетіївська територіальна громада",
    "722": "Узинська територіальна громада",
    "723": "Фурсівська територіальна громада",
    "74": "Вишгородський район",
    "744": "Вишгородська територіальна громада",
    "745": "Димерська територіальна громада",
    "747": "Петрівська територіальна громада",
    "749": "Поліська територіальна громада",
    "748": "Пірнівська територіальна громада",
    "750": "м. Славутич та Славутицька територіальна громада",
    "746": "Іванківська територіальна громада",
    "76": "Обухівський район",
    "724": "Богуславська територіальна громада",
    "725": "м. Васильків та Васильківська територіальна громада",
    "726": "Кагарлицька територіальна громада",
    "727": "Козинська територіальна громада",
    "728": "Миронівська територіальна громада",
    "729": "м. Обухів та Обухівська територіальна громада",
    "730": "м. Ржищів та Ржищівська територіальна громада",
    "731": "Українська територіальна громада",
    "732": "Феодосіївська територіальна громада",
    "77": "Фастівський район",
    "690": "Бишівська територіальна громада",
    "691": "Боярська територіальна громада",
    "692": "Гатненська територіальна громада",
    "693": "Глевахівська територіальна громада",
    "694": "Калинівська територіальна громада",
    "695": "Кожанська територіальна громада",
    "696": "Томашівська територіальна громада",
    "697": "м. Фастів та Фастівська територіальна громада",
    "698": "Чабанівська територіальна громада",
    "15": "Кіровоградська область",
    "82": "Голованівський район",
    "768": "Благовіщенська територіальна громада",
    "769": "Вільшанська територіальна громада",
    "770": "Гайворонська територіальна громада",
    "771": "Голованівська територіальна громада",
    "772": "Заваллівська територіальна громада",
    "773": "Надлацька територіальна громада",
    "774": "Новоархангельська територіальна громада",
    "775": "Перегонівська територіальна громада",
    "777": "Побузька територіальна громада",
    "776": "Підвисоцька територіальна громада",
    "81": "Кропивницький район",
    "751": "Аджамська територіальна громада",
    "752": "Бобринецька територіальна громада",
    "753": "Великосеверинівська територіальна громада",
    "754": "Гурівська територіальна громада",
    "755": "Дмитрівська територіальна громада",
    "756": "Долинська територіальна громада",
    "757": "м. Знам'янка та Знам'янська територіальна громада",
    "758": "Катеринівська територіальна громада",
    "759": "Кетрисанівська територіальна громада",
    "760": "Компаніївська територіальна громада",
    "761": "м. Кропивницький та Кропивницька територіальна громада",
    "762": "Новгородківська територіальна громада",
    "763": "Олександрівська територіальна громада",
    "764": "Первозванівська територіальна громада",
    "765": "Соколівська територіальна громада",
    "766": "Суботцівська територіальна громада",
    "767": "Устинівська територіальна громада",
    "83": "Новоукраїнський район",
    "787": "Ганнівська територіальна громада",
    "788": "Глодоська територіальна громада",
    "789": "Добровеличківська територіальна громада",
    "790": "Злинська територіальна громада",
    "791": "Маловисківська територіальна громада",
    "792": "Мар'янівська територіальна громада",
    "793": "Новомиргородська територіальна громада",
    "794": "Новоукраїнська територіальна громада",
    "796": "Помічнянська територіальна громада",
    "795": "Піщанобрідська територіальна громада",
    "797": "Рівнянська територіальна громада",
    "798": "Смолінська територіальна громада",
    "799": "Тишківська територіальна громада",
    "80": "Олександрійський район",
    "778": "Великоандрусівська територіальна громада",
    "779": "Новопразька територіальна громада",
    "780": "м. Олександрія та Олександрійська територіальна громада",
    "781": "Онуфріївська територіальна громада",
    "782": "Пантаївська територіальна громада",
    "783": "Петрівська територіальна громада",
    "784": "Попельнастівська територіальна громада",
    "785": "Приютівська територіальна громада",
    "786": "м. Світловодськ та Світловодська територіальна громада",
    "16": "Луганська область",
    "1803": "Алчевський район",
    "1903": "м. Алчевськ та Алчевська територіальна громада",
    "1911": "м. Зимогір'я та Зимогір'ївська територіальна громада",
    "1909": "м. Кадіївка та Кадіївська територіальна громада",
    "1804": "Довжанський район",
    "1908": "м. Довжанськ та Довжанська територіальна громада",
    "1905": "м. Сорокине та Сорокинська територіальна громада",
    "1801": "Луганський район",
    "1901": "м. Луганськ та Луганська територіальна громада",
    "1910": "м. Лутугине та Лутугинська територіальна громада",
    "1904": "м. Отаманівка та Отаманівська територіальна громада",
    "1802": "Ровеньківський район",
    "1902": "м. Антрацит та Антрацитівська територіальна громада",
    "1907": "м. Ровеньки та Ровеньківська територіальна громада",
    "1906": "м. Хрустальний та Хрустальненська територіальна громада",
    "85": "Сватівський район",
    "808": "Білокуракинська територіальна громада",
    "809": "Коломийчиська територіальна громада",
    "810": "Красноріченська територіальна громада",
    "811": "Лозно-Олександрівська територіальна громада",
    "812": "Нижньодуванська територіальна громада",
    "813": "Сватівська територіальна громада",
    "814": "Троїцька територіальна громада",
    "86": "Старобільський район",
    "800": "Біловодська територіальна громада",
    "801": "Білолуцька територіальна громада",
    "802": "Марківська територіальна громада",
    "803": "Міловська територіальна громада",
    "804": "Новопсковська територіальна громада",
    "805": "Старобільська територіальна громада",
    "806": "Чмирівська територіальна громада",
    "807": "Шульгинська територіальна громада",
    "84": "Сіверськодонецький район",
    "815": "Гірська територіальна громада",
    "816": "м. Кремінна та Кремінська територіальна громада",
    "817": "м. Лисичанськ та Лисичанська територіальна громада",
    "818": "Попаснянська територіальна громада",
    "819": "м. Рубіжне та Рубіжанська територіальна громада",
    "820": "м. Сіверськодонецьк та Сіверськодонецька територіальна громада",
    "87": "Щастинський район",
    "821": "Нижньотеплівська територіальна громада",
    "822": "Новоайдарська територіальна громада",
    "823": "Станично-Луганська територіальна громада",
    "824": "Широківська територіальна громада",
    "825": "Щастинська територіальна громада",
    "27": "Львівська область",
    "91": "Дрогобицький район",
    "867": "м. Борислав та Бориславська територіальна громада",
    "868": "м. Дрогобич та Дрогобицька територіальна громада",
    "869": "Меденицька територіальна громада",
    "870": "Східницька територіальна громада",
    "871": "м. Трускавець та Трускавецька територіальна громада",
    "94": "Золочівський район",
    "872": "Бродівська територіальна громада",
    "873": "Буська територіальна громада",
    "874": "Заболотцівська територіальна громада",
    "875": "Золочівська територіальна громада",
    "876": "Красненська територіальна громада",
    "878": "Поморянська територіальна громада",
    "877": "Підкамінська територіальна громада",
    "90": "Львівський район",
    "833": "Бібрська територіальна громада",
    "834": "Великолюбінська територіальна громада",
    "835": "Глинянська територіальна громада",
    "836": "Городоцька територіальна громада",
    "837": "Давидівська територіальна громада",
    "838": "Добросинсько-Магерівська територіальна громада",
    "839": "Жовківська територіальна громада",
    "840": "Жовтанецька територіальна громада",
    "841": "Зимноводівська територіальна громада",
    "842": "Кам'янка-Бузька територіальна громада",
    "843": "Комарнівська територіальна громада",
    "844": "Куликівська територіальна громада",
    "845": "м. Львів та Львівська територіальна громада",
    "846": "Мурованська територіальна громада",
    "847": "Новояричівська територіальна громада",
    "848": "Оброшинська територіальна громада",
    "849": "Перемишлянська територіальна громада",
    "851": "Пустомитівська територіальна громада",
    "850": "Підберізцівська територіальна громада",
    "852": "Рава-Руська територіальна громада",
    "853": "Сокільницька територіальна громада",
    "854": "Солонківська територіальна громада",
    "855": "Щирецька територіальна громада",
    "88": "Самбірський район",
    "857": "Боринська територіальна громада",
    "856": "Бісковицька територіальна громада",
    "858": "Добромильська територіальна громада",
    "859": "Новокалинівська територіальна громада",
    "860": "Ралівська територіальна громада",
    "861": "Рудківська територіальна громада",
    "862": "м. Самбір та Самбірська територіальна громада",
    "863": "Старосамбірська територіальна громада",
    "864": "Стрілківська територіальна громада",
    "865": "Турківська територіальна громада",
    "866": "Хирівська територіальна громада",
    "89": "Стрийський район",
    "879": "Гніздичівська територіальна громада",
    "880": "Грабовецько-Дулібівська територіальна громада",
    "881": "Жидачівська територіальна громада",
    "882": "Журавненська територіальна громада",
    "883": "Козівська територіальна громада",
    "884": "Миколаївська територіальна громада",
    "885": "м. Моршин та Моршинська територіальна громада",
    "886": "м. Новий Розділ та Новороздільська територіальна громада",
    "887": "Розвадівська територіальна громада",
    "888": "Сколівська територіальна громада",
    "889": "Славська територіальна громада",
    "890": "м. Стрий та Стрийська територіальна громада",
    "891": "Тростянецька територіальна громада",
    "892": "Ходорівська територіальна громада",
    "92": "Шептицький район",
    "826": "Белзька територіальна громада",
    "827": "Великомостівська територіальна громада",
    "828": "Добротвірська територіальна громада",
    "829": "Лопатинська територіальна громада",
    "830": "Радехівська територіальна громада",
    "831": "Сокальська територіальна громада",
    "832": "м. Шептицький та Шептицька територіальна громада",
    "93": "Яворівський район",
    "894": "Мостиська територіальна громада",
    "895": "Новояворівськ територіальна громада",
    "896": "Судововишнянська територіальна громада",
    "897": "Шегинівська територіальна громада",
    "898": "Яворівська територіальна громада",
    "893": "Івано-Франківська територіальна громада",
    "17": "Миколаївська область",
    "96": "Баштанський район",
    "907": "м. Баштанка та Баштанська територіальна громада",
    "908": "Березнегуватська територіальна громада",
    "910": "Володимирівська територіальна громада",
    "909": "Вільнозапорізька територіальна громада",
    "911": "Горохівська територіальна громада",
    "913": "Казанківська територіальна громада",
    "914": "Новобузька територіальна громада",
    "915": "Привільненська територіальна громада",
    "916": "м. Снігурівка та Снігурівська територіальна громада",
    "917": "Софіївська територіальна громада",
    "918": "Широківська територіальна громада",
    "912": "Інгульська територіальна громада",
    "95": "Вознесенський район",
    "938": "Братська територіальна громада",
    "939": "Бузька територіальна громада",
    "940": "Веселинівська територіальна громада",
    "941": "м. Вознесенськ та Вознесенська територіальна громада",
    "942": "Доманівська територіальна громада",
    "943": "Дорошівська територіальна громада",
    "945": "Мостівська територіальна громада",
    "946": "Новомар'ївська територіальна громада",
    "947": "Олександрівська територіальна громада",
    "948": "Прибужанівська територіальна громада",
    "949": "Прибузька територіальна громада",
    "950": "м. Південноукраїнськ та Південноукраїнська територіальна громада",
    "944": "Єланецька територіальна громада",
    "98": "Миколаївський район",
    "919": "Березанська територіальна громада",
    "920": "Веснянська територіальна громада",
    "921": "Воскресенська територіальна громада",
    "922": "Галицинівська територіальна громада",
    "923": "Коблівська територіальна громада",
    "924": "Костянтинівська територіальна громада",
    "925": "Куцурубська територіальна громада",
    "926": "м. Миколаїв та Миколаївська територіальна громада",
    "927": "Мішково-Погорілівська територіальна громада",
    "928": "Нечаянська територіальна громада",
    "929": "м. Нова-Одеса та Новоодеська територіальна громада",
    "930": "Ольшанська територіальна громада",
    "931": "м. Очаків та Очаківська територіальна громада",
    "932": "Первомайська територіальна громада",
    "933": "Радсадівська територіальна громада",
    "934": "Степівська територіальна громада",
    "935": "Сухоєланецька територіальна громада",
    "936": "Чорноморська територіальна громада",
    "937": "Шевченківська територіальна громада",
    "97": "Первомайський район",
    "899": "Арбузинська територіальна громада",
    "900": "Благодатненська територіальна громада",
    "901": "Врадіївська територіальна громада",
    "902": "Кам'яномостівська територіальна громада",
    "903": "Кривоозерська територіальна громада",
    "904": "Мигіївська територіальна громада",
    "905": "м. Первомайськ та Первомайська територіальна громада",
    "906": "Синюхинобрідська територіальна громада",
    "18": "Одеська область",
    "100": "Березівський район",
    "985": "Андрієво-Іванівська територіальна громада",
    "986": "Березівська територіальна громада",
    "987": "Великобуялицька територіальна громада",
    "988": "Знам'янська територіальна громада",
    "990": "Коноплянська територіальна громада",
    "991": "Курісовська територіальна громада",
    "992": "Миколаївська територіальна громада",
    "993": "Новокальчевська територіальна громада",
    "994": "Петровірівська територіальна громада",
    "995": "Раухівська територіальна громада",
    "996": "Розквітівська територіальна громада",
    "997": "Старомаяківська територіальна громада",
    "998": "Стрюківська територіальна громада",
    "999": "Чогодарівська територіальна громада",
    "1000": "Ширяївська територіальна громада",
    "989": "Іванівська територіальна громада",
    "105": "Болградський район",
    "1001": "Арцизька територіальна громада",
    "1002": "Болградська територіальна громада",
    "1003": "Бородінська територіальна громада",
    "1004": "Василівська територіальна громада",
    "1005": "Городненська територіальна громада",
    "1006": "Криниченська територіальна громада",
    "1007": "Кубейська територіальна громада",
    "1008": "Павлівська територіальна громада",
    "1009": "Тарутинська територіальна громада",
    "1010": "Теплицька територіальна громада",
    "102": "Білгород-Дністровський район",
    "1011": "м. Білгород-Дністровський та Білгород-Дністровська територіальна громада",
    "1012": "Дивізійська територіальна громада",
    "1013": "Кароліно-Бугазька територіальна громада",
    "1014": "Кулевчанська територіальна громада",
    "1015": "Лиманська територіальна громада",
    "1016": "Маразліївська територіальна громада",
    "1017": "Мологівська територіальна громада",
    "1018": "Петропавлівська територіальна громада",
    "1019": "Плахтіївська територіальна громада",
    "1020": "Саратська територіальна громада",
    "1021": "Сергіївська територіальна громада",
    "1022": "Старокозацька територіальна громада",
    "1023": "Татарбунарська територіальна громада",
    "1024": "Тузлівська територіальна громада",
    "1025": "Успенівська територіальна громада",
    "1026": "Шабівська територіальна громада",
    "104": "Одеський район",
    "951": "Авангардівська територіальна громада",
    "952": "Біляївська територіальна громада",
    "953": "Великодальницька територіальна громада",
    "954": "Великодолинська територіальна громада",
    "955": "Вигодянська територіальна громада",
    "956": "Визирська територіальна громада",
    "957": "Дальницька територіальна громада",
    "958": "Дачненська територіальна громада",
    "959": "Доброславська територіальна громада",
    "960": "Красносільська територіальна громада",
    "961": "Маяківська територіальна громада",
    "962": "Нерубайська територіальна громада",
    "963": "Овідіопольська територіальна громада",
    "964": "м. Одеса та Одеська територіальна громада",
    "971": "м. Південне та Південна територіальна громада",
    "965": "Таїровська територіальна громада",
    "966": "Теплодарська територіальна громада",
    "967": "Усатівська територіальна громада",
    "968": "Фонтанська територіальна громада",
    "969": "м. Чорноморськ та Чорноморська територіальна громада",
    "970": "Чорноморська територіальна громада",
    "972": "Яськівська територіальна громада",
    "99": "Подільський район",
    "973": "Ананьївська територіальна громада",
    "974": "Балтська територіальна громада",
    "975": "Долинська територіальна громада",
    "976": "Зеленогірська територіальна громада",
    "977": "Кодимська територіальна громада",
    "978": "Куяльницька територіальна громада",
    "979": "Любашівська територіальна громада",
    "980": "Окнянська територіальна громада",
    "982": "Подільська територіальна громада",
    "981": "Піщанська територіальна громада",
    "983": "Савранська територіальна громада",
    "984": "Слобідська територіальна громада",
    "103": "Роздільнянський район",
    "1027": "Великомихайлівська територіальна громада",
    "1028": "Великоплосківська територіальна громада",
    "1029": "Затишанська територіальна громада",
    "1030": "Захарівська територіальна громада",
    "1031": "Лиманська територіальна громада",
    "1032": "Новоборисівська територіальна громада",
    "1033": "Роздільнянська територіальна громада",
    "1034": "Степанівська територіальна громада",
    "1035": "Цебриківська територіальна громада",
    "101": "Ізмаїльський район",
    "1036": "Вилківська територіальна громада",
    "1038": "Кілійська територіальна громада",
    "1039": "Ренійська територіальна громада",
    "1040": "Саф'янівська територіальна громада",
    "1041": "Суворовська територіальна громада",
    "1037": "м. Ізмаїл та Ізмаїльська територіальна громада",
    "19": "Полтавська область",
    "107": "Кременчуцький район",
    "1083": "Глобинська територіальна громада",
    "1084": "м. Горішні плавні та Горішньоплавнівська територіальна громада",
    "1085": "Градизька територіальна громада",
    "1086": "Кам'янопотоківська територіальна громада",
    "1087": "Козельщинська територіальна громада",
    "1088": "м. Кременчук та Кременчуцька територіальна громада",
    "1089": "Новогалещинська територіальна громада",
    "1090": "Оболонська територіальна громада",
    "1091": "Омельницька територіальна громада",
    "1093": "Пришибська територіальна громада",
    "1092": "Піщанська територіальна громада",
    "1094": "Семенівська територіальна громада",
    "106": "Лубенський район",
    "1095": "Гребінківська територіальна громада",
    "1096": "м. Лубни та Лубенська територіальна громада",
    "1097": "Новооржицька територіальна громада",
    "1098": "Оржицька територіальна громада",
    "1099": "м. Пирятин та Пирятинська територіальна громада",
    "1100": "Хорольська територіальна громада",
    "1101": "Чорнухинська територіальна громада",
    "108": "Миргородський район",
    "1066": "Білоцерківська територіальна громада",
    "1067": "Великобагачанська територіальна громада",
    "1068": "Великобудищанська територіальна громада",
    "1069": "Великосорочинська територіальна громада",
    "1070": "Гадяцька територіальна громада",
    "1071": "Гоголівська територіальна громада",
    "1072": "Заводська територіальна громада",
    "1073": "Комишнянська територіальна громада",
    "1074": "Краснолуцька територіальна громада",
    "1075": "м. Лохвиця та Лохвицька територіальна громада",
    "1076": "Лютенська територіальна громада",
    "1077": "м. Миргород та Миргородська територіальна громада",
    "1078": "Петрівсько-Роменська територіальна громада",
    "1079": "Ромоданівська територіальна громада",
    "1080": "Сенчанська територіальна громада",
    "1081": "Сергіївська територіальна громада",
    "1082": "Шишацька територіальна громада",
    "109": "Полтавський район",
    "1042": "Білицька територіальна громада",
    "1043": "Великорублівська територіальна громада",
    "1044": "Диканьська територіальна громада",
    "1045": "Драбинівська територіальна громада",
    "1046": "Зіньківська територіальна громада",
    "1047": "Карлівська територіальна громада",
    "1048": "Кобеляцька територіальна громада",
    "1049": "Коломацька територіальна громада",
    "1050": "Котелевська територіальна громада",
    "1051": "Ланнівська територіальна громада",
    "1052": "Мартинівська територіальна громада",
    "1053": "Мачухівська територіальна громада",
    "1054": "Машівська територіальна громада",
    "1055": "Михайлівська територіальна громада",
    "1056": "Нехворощанська територіальна громада",
    "1057": "Новосанжарська територіальна громада",
    "1058": "Новоселівська територіальна громада",
    "1059": "Опішнянська територіальна громада",
    "1060": "м. Полтава та Полтавська територіальна громада",
    "1061": "Решетилівська територіальна громада",
    "1062": "Скороходівська територіальна громада",
    "1063": "Терешківська територіальна громада",
    "1064": "Чутівська територіальна громада",
    "1065": "Щербанівська територіальна громада",
    "5": "Рівненська область",
    "110": "Вараський район",
    "1102": "Антонівська територіальна громада",
    "1103": "м. Вараш та Вараська територіальна громада",
    "1104": "Володимирецька територіальна громада",
    "1105": "Зарічненська територіальна громада",
    "1106": "Каноницька територіальна громада",
    "1107": "Локницька територіальна громада",
    "1108": "Полицька територіальна громада",
    "1109": "Рафалівська територіальна громада",
    "111": "Дубенський район",
    "1147": "Бокіймівська територіальна громада",
    "1148": "Боремельська територіальна громада",
    "1149": "Варковицька територіальна громада",
    "1150": "Вербська територіальна громада",
    "1151": "Демидівська територіальна громада",
    "1152": "м. Дубно та Дубенська територіальна громада",
    "1153": "Козинська територіальна громада",
    "1154": "Крупецька територіальна громада",
    "1155": "Мирогощанська територіальна громада",
    "1156": "Млинівська територіальна громада",
    "1157": "Острожецька територіальна громада",
    "1159": "Повчанська територіальна громада",
    "1160": "Привільненська територіальна громада",
    "1158": "Підлозцівська територіальна громада",
    "1161": "Радивилівська територіальна громада",
    "1162": "Семидубська територіальна громада",
    "1163": "Смизька територіальна громада",
    "1164": "Тараканівська територіальна громада",
    "1165": "Ярославицька територіальна громада",
    "112": "Рівненський район",
    "1110": "Бабинська територіальна громада",
    "1111": "Березнівська територіальна громада",
    "1113": "Бугринська територіальна громада",
    "1112": "Білокриницька територіальна громада",
    "1114": "Великомежиріцька територіальна громада",
    "1115": "Великоомелянська територіальна громада",
    "1116": "Головинська територіальна громада",
    "1117": "Городоцька територіальна громада",
    "1118": "Гощанська територіальна громада",
    "1119": "Деражненська територіальна громада",
    "1120": "Дядьковицька територіальна громада",
    "1121": "Здовбицька територіальна громада",
    "1122": "Здолбунівська територіальна громада",
    "1123": "Зорянська територіальна громада",
    "1124": "Клеванська територіальна громада",
    "1125": "Корецька територіальна громада",
    "1126": "Корнинська територіальна громада",
    "1127": "Костопільська територіальна громада",
    "1128": "Малинська територіальна громада",
    "1129": "Малолюбашанська територіальна громада",
    "1130": "Мізоцька територіальна громада",
    "1131": "Олександрійська територіальна громада",
    "1132": "м. Острог та Острозька територіальна громада",
    "1133": "м. Рівне та Рівненська територіальна громада",
    "1134": "Соснівська територіальна громада",
    "1135": "Шпанівська територіальна громада",
    "113": "Сарненський район",
    "1136": "Березівська територіальна громада",
    "1137": "Вирівська територіальна громада",
    "1138": "Висоцька територіальна громада",
    "1139": "Дубровицька територіальна громада",
    "1140": "Клесівська територіальна громада",
    "1141": "Миляцька територіальна громада",
    "1142": "Немовицька територіальна громада",
    "1143": "Рокитнівська територіальна громада",
    "1144": "м. Сарни та Сарненська територіальна громада",
    "1145": "Старосільська територіальна громада",
    "1146": "Степанська територіальна громада",
    "20": "Сумська область",
    "117": "Конотопський район",
    "1209": "Бочечківська територіальна громада",
    "1210": "м. Буринь та Буринська територіальна громада",
    "1211": "Дубов'язівська територіальна громада",
    "1212": "м. Конотоп та Конотопська територіальна громада",
    "1213": "м. Кролевець та Кролевецька територіальна громада",
    "1214": "Новослобідська територіальна громада",
    "1215": "Попівська територіальна громада",
    "1216": "м. Путивль та Путивльська територіальна громада",
    "118": "Охтирський район",
    "1200": "Боромлянська територіальна громада",
    "1201": "м. Велика Писарівка та Великописарівська територіальна громада",
    "1202": "Грунська територіальна громада",
    "1203": "Кириківська територіальна громада",
    "1204": "Комишанська територіальна громада",
    "1205": "м. Охтирка та Охтирська територіальна громада",
    "1206": "м. Тростянець та Тростянецька територіальна громада",
    "1207": "Чернеччинська територіальна громада",
    "1208": "Чупахівська територіальна громада",
    "116": "Роменський район",
    "1166": "Андріяшівська територіальна громада",
    "1167": "Вільшанська територіальна громада",
    "1168": "Коровинська територіальна громада",
    "1169": "м. Липова Долина та Липоводолинська територіальна громада",
    "1170": "м. Недригайлів та Недригайлівська територіальна громада",
    "1171": "м. Ромни та Роменська територіальна громада",
    "1172": "Синівська територіальна громада",
    "1173": "Хмелівська територіальна громада",
    "114": "Сумський район",
    "1174": "Бездрицька територіальна громада",
    "1175": "м. Білопілля та Білопільська територіальна громада",
    "1176": "Верхньосироватська територіальна громада",
    "1177": "Ворожбянська територіальна громада",
    "1178": "м. Краснопілля та Краснопільська територіальна громада",
    "1179": "м. Лебедин та Лебединська територіальна громада",
    "1181": "Миколаївська територіальна громада",
    "1180": "Миколаївська територіальна громада",
    "1182": "Миропільська територіальна громада",
    "1183": "Нижньосироватська територіальна громада",
    "1184": "Річківська територіальна громада",
    "1185": "Садівська територіальна громада",
    "1186": "Степанівська територіальна громада",
    "1187": "м. Суми та Сумська територіальна громада",
    "1188": "Хотінська територіальна громада",
    "1189": "Юнаківська територіальна громада",
    "115": "Шосткинський район",
    "1190": "Березівська територіальна громада",
    "1191": "м. Глухів та Глухівська територіальна громада",
    "1192": "Дружбівська територіальна громада",
    "1193": "Есманьська територіальна громада",
    "1194": "Зноб-Новгородська територіальна громада",
    "1195": "Свеська територіальна громада",
    "1196": "м. Середина-Буда та Середино-Будська територіальна громада",
    "1197": "Шалигинська територіальна громада",
    "1198": "м. Шостка та Шосткинська територіальна громада",
    "1199": "м. Ямпіль та Ямпільська територіальна громада",
    "21": "Тернопільська область",
    "120": "Кременецький район",
    "1264": "Борсуківська територіальна громада",
    "1265": "Великодедеркальська територіальна громада",
    "1266": "Вишнівецька територіальна громада",
    "1267": "м. Кременець та Кременецька територіальна громада",
    "1268": "Лановецька територіальна громада",
    "1269": "Лопушненська територіальна громада",
    "1270": "Почаївська територіальна громада",
    "1271": "Шумська територіальна громада",
    "119": "Тернопільський район",
    "1217": "Байковецька територіальна громада",
    "1218": "м. Бережани та Бережанська територіальна громада",
    "1219": "Білецька територіальна громада",
    "1220": "Великоберезовицька територіальна громада",
    "1221": "Великобірківська територіальна громада",
    "1222": "Великогаївська територіальна громада",
    "1223": "Залозецька територіальна громада",
    "1224": "Збаразька територіальна громада",
    "1225": "Зборівська територіальна громада",
    "1226": "Золотниківська територіальна громада",
    "1229": "Козлівська територіальна громада",
    "1228": "Козівська територіальна громада",
    "1230": "Купчинецька територіальна громада",
    "1231": "Микулинецька територіальна громада",
    "1232": "Нараївська територіальна громада",
    "1233": "Озернянська територіальна громада",
    "1234": "Підволочиська територіальна громада",
    "1235": "Підгаєцька територіальна громада",
    "1236": "Підгороднянська територіальна громада",
    "1237": "Саранчуківська територіальна громада",
    "1238": "Скалатська територіальна громада",
    "1239": "Скориківська територіальна громада",
    "1240": "Теребовлянська територіальна громада",
    "1241": "м. Тернопіль та Тернопільська територіальна громада",
    "1227": "Іванівська територіальна громада",
    "121": "Чортківський район",
    "1244": "Борщівська територіальна громада",
    "1245": "Бучацька територіальна громада",
    "1242": "Білобожницька територіальна громада",
    "1243": "Більче-Золотецька територіальна громада",
    "1246": "Васильковецька територіальна громада",
    "1247": "Гримайлівська територіальна громада",
    "1248": "Гусятинська територіальна громада",
    "1249": "Заводська територіальна громада",
    "1250": "Заліщицька територіальна громада",
    "1251": "Золотопотіцька територіальна громада",
    "1253": "Колиндянська територіальна громада",
    "1254": "Копичинецька територіальна громада",
    "1255": "Коропецька територіальна громада",
    "1256": "Мельнице-Подільська територіальна громада",
    "1257": "Монастириська територіальна громада",
    "1258": "Нагірянська територіальна громада",
    "1259": "Скала-Подільська територіальна громада",
    "1260": "Товстенська територіальна громада",
    "1261": "Трибухівська територіальна громада",
    "1262": "Хоростківська територіальна громада",
    "1263": "м. Чортків та Чортківська територіальна громада",
    "1252": "Іване-Пустенська територіальна громада",
    "22": "Харківська область",
    "127": "Берестинський район",
    "1324": "Берестинська територіальна громада",
    "1322": "Зачепилівська територіальна громада",
    "1323": "Кегичівська територіальна громада",
    "1325": "Наталинська територіальна громада",
    "1326": "Сахновщинська територіальна громада",
    "1327": "Старовірівська територіальна громада",
    "126": "Богодухівський район",
    "1300": "м. Богодухів та Богодухівська територіальна громада",
    "1301": "Валківська територіальна громада",
    "1302": "Золочівська територіальна громада",
    "1303": "Коломацька територіальна громада",
    "1304": "Краснокутська територіальна громада",
    "123": "Куп'янський район",
    "1305": "Великобурлуцька територіальна громада",
    "1306": "Вільхуватська територіальна громада",
    "1307": "Дворічанська територіальна громада",
    "1309": "м. Куп'янськ та Куп'янська територіальна громада",
    "1310": "Курилівська територіальна громада",
    "1308": "Кіндрашівська територіальна громада",
    "1311": "Петропавлівська територіальна громада",
    "1312": "Шевченківська територіальна громада",
    "128": "Лозівський район",
    "1296": "Близнюківська територіальна громада",
    "1295": "Біляївська територіальна громада",
    "1299": "м. Златопіль та Златопільська територіальна громада",
    "1297": "м. Лозова та Лозівська територіальна громада",
    "1298": "Олексіївська територіальна громада",
    "124": "Харківський район",
    "1280": "Безлюдівська територіальна громада",
    "1281": "Височанська територіальна громада",
    "1282": "Вільхівська територіальна громада",
    "1283": "Дергачівська територіальна громада",
    "1284": "Липецька територіальна громада",
    "1285": "м. Люботин та Люботинська територіальна громада",
    "1286": "Малоданилівська територіальна громада",
    "1287": "Мереф'янська територіальна громада",
    "1288": "Нововодолазька територіальна громада",
    "1289": "Південноміська територіальна громада",
    "1290": "Пісочинська територіальна громада",
    "1291": "Роганська територіальна громада",
    "1292": "Солоницівська територіальна громада",
    "1293": "м. Харків та Харківська територіальна громада",
    "1294": "Циркунівська територіальна громада",
    "122": "Чугуївський район",
    "1313": "Вовчанська територіальна громада",
    "1314": "Зміївська територіальна громада",
    "1315": "Малинівська територіальна громада",
    "1316": "Новопокровська територіальна громада",
    "1317": "Печенізька територіальна громада",
    "1318": "Слобожанська територіальна громада",
    "1319": "Старосалтівська територіальна громада",
    "1320": "Чкаловська територіальна громада",
    "1321": "м. Чугуїв та Чугуївська територіальна громада",
    "125": "Ізюмський район",
    "1272": "Балаклійська територіальна громада",
    "1273": "Барвінківська територіальна громада",
    "1274": "Борівська територіальна громада",
    "1275": "Донецька територіальна громада",
    "1277": "Куньєвська територіальна громада",
    "1278": "Оскільська територіальна громада",
    "1279": "Савинська територіальна громада",
    "1276": "м. Ізюм та Ізюмська територіальна громада",
    "23": "Херсонська область",
    "129": "Бериславський район",
    "1343": "Бериславська територіальна громада",
    "1344": "Борозенська територіальна громада",
    "1345": "Великоолександрівська територіальна громада",
    "1346": "Високопільська територіальна громада",
    "1347": "Калинівська територіальна громада",
    "1348": "Кочубеївська територіальна громада",
    "1349": "Милівська територіальна громада",
    "1350": "Нововоронцовська територіальна громада",
    "1351": "Новоолександрівська територіальна громада",
    "1352": "Новорайська територіальна громада",
    "1353": "Тягинська територіальна громада",
    "133": "Генічеський район",
    "1373": "Генічеська територіальна громада",
    "1375": "Нижньосірогозька територіальна громада",
    "1376": "Новотроїцька територіальна громада",
    "1374": "Іванівська територіальна громада",
    "131": "Каховський район",
    "1328": "Асканія-Нова територіальна громада",
    "1329": "Великолепетиська територіальна громада",
    "1330": "Верхньорогачицька територіальна громада",
    "1331": "Горностаївська територіальна громада",
    "1332": "Зеленопідська територіальна громада",
    "1333": "м. Каховка та Каховська територіальна громада",
    "1334": "Костянтинівська територіальна громада",
    "1335": "Любимівська територіальна громада",
    "1336": "м. Нова Каховка та Новокаховська територіальна громада",
    "1337": "Присиваська територіальна громада",
    "1338": "Рубанівська територіальна громада",
    "1339": "Тавричанська територіальна громада",
    "1340": "Таврійська територіальна громада",
    "1341": "Хрестівська територіальна громада",
    "1342": "Чаплинська територіальна громада",
    "130": "Скадовський район",
    "1354": "Бехтерська територіальна громада",
    "1355": "м. Гола Пристань та Голопристанська територіальна громада",
    "1356": "Долматівська територіальна громада",
    "1357": "Каланчацька територіальна громада",
    "1358": "Лазурненська територіальна громада",
    "1359": "Мирненська територіальна громада",
    "1360": "Новомиколаївська територіальна громада",
    "1361": "Скадовська територіальна громада",
    "1362": "Чулаківська територіальна громада",
    "132": "Херсонський район",
    "1363": "Білозерська територіальна громада",
    "1364": "Великокопанівська територіальна громада",
    "1365": "Виноградівська територіальна громада",
    "1366": "Дар'ївська територіальна громада",
    "1367": "Музиківська територіальна громада",
    "1368": "Олешківська територіальна громада",
    "1369": "Станіславська територіальна громада",
    "1370": "м. Херсон та Херсонська територіальна громада",
    "1371": "Чорнобаївська територіальна громада",
    "1372": "Ювілейна територіальна громада",
    "3": "Хмельницька область",
    "135": "Кам'янець-Подільський район",
    "1422": "Гуківська територіальна громада",
    "1423": "Гуменецька територіальна громада",
    "1424": "Дунаєвецька територіальна громада",
    "1425": "Жванецька територіальна громада",
    "1426": "Закупненська територіальна громада",
    "1427": "м. Кам'янець-Подільський та Кам'янець-Подільська територіальна громада",
    "1428": "Китайгородська територіальна громада",
    "1429": "Маківська територіальна громада",
    "1430": "Новодунаєвецька територіальна громада",
    "1431": "Новоушицька територіальна громада",
    "1432": "Орининська територіальна громада",
    "1433": "Слобідсько-Кульчієвецьк територіальна громада",
    "1434": "Смотрицька територіальна громада",
    "1435": "Староушицька територіальна громада",
    "1436": "Чемеровецька територіальна громада",
    "134": "Хмельницький район",
    "1377": "Антонінська територіальна громада",
    "1380": "Вовковинецька територіальна громада",
    "1381": "Волочиська територіальна громада",
    "1378": "Війтовецька територіальна громада",
    "1379": "Віньковецька територіальна громада",
    "1382": "Гвардійська територіальна громада",
    "1383": "Городоцька територіальна громада",
    "1384": "Деражнянська територіальна громада",
    "1385": "Заслучненська територіальна громада",
    "1386": "Зіньківська територіальна громада",
    "1387": "Красилівська територіальна громада",
    "1388": "Летичівська територіальна громада",
    "1389": "Лісовогринівецька територіальна громада",
    "1390": "Меджибізька територіальна громада",
    "1391": "Миролюбненська територіальна громада",
    "1392": "Наркевицька територіальна громада",
    "1393": "Розсошанська територіальна громада",
    "1394": "Сатанівська територіальна громада",
    "1395": "Солобковецька територіальна громада",
    "1396": "м. Старокостянтинів та Старокостянтинівська територіальна громада",
    "1397": "Староостропільська територіальна громада",
    "1398": "Старосинявська територіальна громада",
    "1399": "Теофіпольська територіальна громада",
    "1400": "м. Хмельницький та Хмельницька територіальна громада",
    "1401": "Чорноострівська територіальна громада",
    "1402": "Щиборівська територіальна громада",
    "1403": "Ярмолинецька територіальна громада",
    "136": "Шепетівський район",
    "1404": "Берездівська територіальна громада",
    "1405": "Білогірська територіальна громада",
    "1406": "Ганнопільська територіальна громада",
    "1407": "Грицівська територіальна громада",
    "1409": "Крупецька територіальна громада",
    "1410": "Ленковецька територіальна громада",
    "1411": "Михайлюцька територіальна громада",
    "1412": "м. Нетішин та Нетішинська територіальна громада",
    "1413": "Плужненська територіальна громада",
    "1414": "Полонська територіальна громада",
    "1415": "Понінківська територіальна громада",
    "1416": "Сахновецька територіальна громада",
    "1417": "м. Славута та Славутська територіальна громада",
    "1418": "Судилківська територіальна громада",
    "1419": "Улашанівська територіальна громада",
    "1420": "м. Шепетівка та Шепетівська територіальна громада",
    "1421": "Ямпільська територіальна громада",
    "1408": "Ізяславська територіальна громада",
    "24": "Черкаська область",
    "150": "Звенигородський район",
    "1475": "Бужанська територіальна громада",
    "1476": "м. Багачеве та Багачевська територіальна громада",
    "1477": "Виноградська територіальна громада",
    "1479": "Водяницька територіальна громада",
    "1478": "Вільшанська територіальна громада",
    "1481": "Звенигородська територіальна громада",
    "1482": "Катеринопільська територіальна громада",
    "1483": "Лип'янська територіальна громада",
    "1484": "Лисянська територіальна громада",
    "1485": "Матусівська територіальна громада",
    "1486": "Мокрокалигірська територіальна громада",
    "1487": "Селищенська територіальна громада",
    "1488": "Стеблівська територіальна громада",
    "1489": "м. Тальне та Тальнівська територіальна громада",
    "1490": "Шевченківська територіальна громада",
    "1491": "м. Шпола та Шполянська територіальна громада",
    "1480": "Єрківська територіальна громада",
    "153": "Золотоніський район",
    "1492": "Великохутірська територіальна громада",
    "1493": "Вознесенська територіальна громада",
    "1494": "Гельмязівська територіальна громада",
    "1495": "Драбівська територіальна громада",
    "1496": "Золотоніська територіальна громада",
    "1497": "Зорівська територіальна громада",
    "1499": "Новодмитрівська територіальна громада",
    "1500": "Піщанська територіальна громада",
    "1501": "Чорнобаївська територіальна громада",
    "1502": "Шрамківська територіальна громада",
    "1498": "Іркліївська територіальна громада",
    "151": "Уманський район",
    "1437": "Бабанська територіальна громада",
    "1438": "Баштечківська територіальна громада",
    "1439": "Буцька територіальна громада",
    "1440": "Дмитрушківська територіальна громада",
    "1441": "Жашківська територіальна громада",
    "1443": "Ладижинська територіальна громада",
    "1444": "Маньківська територіальна громада",
    "1445": "м. Монастирище та Монастрищенська територіальна громада",
    "1446": "Паланська територіальна громада",
    "1447": "Уманська територіальна громада",
    "1448": "м. Христинівка та Христинівська територіальна громада",
    "1442": "Іваньківська територіальна громада",
    "152": "Черкаський район",
    "1449": "Балаклеївська територіальна громада",
    "1450": "Березняківська територіальна громада",
    "1452": "Бобрицька територіальна громада",
    "1453": "Будищенська територіальна громада",
    "1451": "Білозірська територіальна громада",
    "1454": "Городищенська територіальна громада",
    "1455": "Кам'янська територіальна громада",
    "1456": "Канівська територіальна громада",
    "1457": "м. Корсунь-Шевченківський та Корсунь-Шевченківська територіальна громада",
    "1458": "Леськівська територіальна громада",
    "1459": "Ліплявська територіальна громада",
    "1460": "Медведівська територіальна громада",
    "1461": "Михайлівська територіальна громада",
    "1462": "Мліївська територіальна громада",
    "1463": "Мошнівська територіальна громада",
    "1464": "Набутівська територіальна громада",
    "1465": "Ротмістрівська територіальна громада",
    "1466": "Русько-Полянська територіальна громада",
    "1467": "Сагунівська територіальна громада",
    "1468": "Смілянська територіальна громада",
    "1469": "Степанецька територіальна громада",
    "1470": "Степанківська територіальна громада",
    "1471": "Тернівська територіальна громада",
    "1472": "Червонослобідська територіальна громада",
    "1473": "м. Черкаси та Черкаська територіальна громада",
    "1474": "м. Чигирин та Чигиринська територіальна громада",
    "26": "Чернівецька область",
    "138": "Вижницький район",
    "1503": "Банилівська територіальна громада",
    "1504": "Берегометська територіальна громада",
    "1505": "Брусницька територіальна громада",
    "1506": "Вашківецька територіальна громада",
    "1507": "Вижницька територіальна громада",
    "1508": "Конятинська територіальна громада",
    "1509": "Путильська територіальна громада",
    "1510": "Селятинська територіальна громада",
    "1511": "Усть-Путильська територіальна громада",
    "139": "Дністровський район",
    "1545": "Вашковецька територіальна громада",
    "1546": "Кельменецька територіальна громада",
    "1547": "Клішковецька територіальна громада",
    "1548": "Лівинецька територіальна громада",
    "1549": "Мамалигівська територіальна громада",
    "1550": "Недобоївська територіальна громада",
    "1551": "м. Новодністровськ та Новодністровська територіальна громада",
    "1552": "Рукшинська територіальна громада",
    "1553": "Сокирянська територіальна громада",
    "1554": "Хотинська територіальна громада",
    "137": "Чернівецький район",
    "1512": "Боянська територіальна громада",
    "1513": "Ванчиковецька територіальна громада",
    "1514": "Великокучурівська територіальна громада",
    "1515": "Веренчацька територіальна громада",
    "1517": "Волоківська територіальна громада",
    "1516": "Вікнянська територіальна громада",
    "1518": "Герцаївська територіальна громада",
    "1519": "Глибоцька територіальна громада",
    "1520": "Горішньошеровецька територіальна громада",
    "1521": "Заставнівська територіальна громада",
    "1522": "Кадубовецька територіальна громада",
    "1523": "Кам'янецька територіальна громада",
    "1524": "Кам'янська територіальна громада",
    "1525": "Карапачівська територіальна громада",
    "1527": "Кострижівська територіальна громада",
    "1528": "Красноїльська територіальна громада",
    "1526": "Кіцманська територіальна громада",
    "1529": "Магальська територіальна громада",
    "1530": "Мамаївська територіальна громада",
    "1531": "Неполоковецька територіальна громада",
    "1532": "Новоселицька територіальна громада",
    "1533": "Острицька територіальна громада",
    "1534": "Петровецька територіальна громада",
    "1535": "Ставчанська територіальна громада",
    "1536": "Сторожинецька територіальна громада",
    "1537": "Сучевенська територіальна громада",
    "1538": "Тарашанська територіальна громада",
    "1539": "Тереблеченська територіальна громада",
    "1540": "Топорівська територіальна громада",
    "1541": "Чагорська територіальна громада",
    "1542": "м. Чернівці та Чернівецька територіальна громада",
    "1543": "Чудейська територіальна громада",
    "1544": "Юрковецька територіальна громада",
    "25": "Чернігівська область",
    "144": "Корюківський район",
    "1607": "Корюківська територіальна громада",
    "1608": "Менська територіальна громада",
    "1609": "Сновська територіальна громада",
    "1610": "Сосницька територіальна громада",
    "1611": "Холминська територіальна громада",
    "141": "Новгород-Сіверський район",
    "1603": "Коропська територіальна громада",
    "1604": "м. Новгород-Сіверський та Новгород-Сіверська територіальна громада",
    "1605": "Понорницька територіальна громада",
    "1606": "Семенівська територіальна громада",
    "142": "Ніжинський район",
    "1555": "Батуринська територіальна громада",
    "1556": "Бахмацька територіальна громада",
    "1557": "Бобровицька територіальна громада",
    "1558": "Борзнянська територіальна громада",
    "1559": "Вертіївська територіальна громада",
    "1560": "Височанська територіальна громада",
    "1561": "Дмитрівська територіальна громада",
    "1562": "Комарівська територіальна громада",
    "1563": "Крутівська територіальна громада",
    "1564": "Лосинівська територіальна громада",
    "1565": "Макіївська територіальна громада",
    "1566": "Мринська територіальна громада",
    "1568": "Новобасанська територіальна громада",
    "1569": "Носівська територіальна громада",
    "1567": "м. Ніжин та Ніжинська територіальна громада",
    "1570": "Плисківська територіальна громада",
    "1571": "Талалаївська територіальна громада",
    "143": "Прилуцький район",
    "1592": "Варвинська територіальна громада",
    "1594": "Ладанська територіальна громада",
    "1595": "Линовицька територіальна громада",
    "1596": "Малодівицька територіальна громада",
    "1597": "Парафіївська територіальна громада",
    "1598": "м. Прилуки та Прилуцька територіальна громада",
    "1599": "Срібнянська територіальна громада",
    "1600": "Сухополов'янська територіальна громада",
    "1601": "Талалаївська територіальна громада",
    "1602": "Яблунівська територіальна громада",
    "1593": "Ічнянська територіальна громада",
    "140": "Чернігівський район",
    "1572": "Березнянська територіальна громада",
    "1573": "Гончарівська територіальна громада",
    "1574": "Городнянська територіальна громада",
    "1575": "Деснянська територіальна громада",
    "1576": "Добрянська територіальна громада",
    "1579": "Киселівська територіальна громада",
    "1578": "Киїнська територіальна громада",
    "1581": "Козелецька територіальна громада",
    "1582": "Куликівська територіальна громада",
    "1580": "Кіптівська територіальна громада",
    "1583": "Любецька територіальна громада",
    "1584": "Михайло-Коцюбинська територіальна громада",
    "1585": "Новобілоуська територіальна громада",
    "1586": "Олишівська територіальна громада",
    "1587": "Остерська територіальна громада",
    "1588": "Ріпкинська територіальна громада",
    "1589": "Седнівська територіальна громада",
    "1590": "Тупичівська територіальна громада",
    "1591": "м. Чернігів та Чернігівська територіальна громада",
    "1577": "Іванівська територіальна громада",
    "13": "Івано-Франківська область",
    "67": "Верховинський район",
    "620": "Білоберізька територіальна громада",
    "621": "Верховинська територіальна громада",
    "622": "Зеленська територіальна громада",
    "71": "Калуський район",
    "643": "м. Болехів та Болехівська територіальна громада",
    "644": "Брошнів-Осадська територіальна громада",
    "645": "Верхнянська територіальна громада",
    "646": "Вигодська територіальна громада",
    "647": "Витвицька територіальна громада",
    "648": "Войнилівська територіальна громада",
    "649": "м. Долина та Долинська територіальна громада",
    "650": "Дубівська територіальна громада",
    "651": "м. Калуш та Калуська територіальна громада",
    "652": "Новицька територіальна громада",
    "653": "Перегінська територіальна громада",
    "654": "Рожнятівська територіальна громада",
    "655": "Спаська територіальна громада",
    "70": "Коломийський район",
    "664": "Гвіздецька територіальна громада",
    "665": "Городенківська територіальна громада",
    "666": "Заболотівська територіальна громада",
    "667": "м. Коломия та Коломийська територіальна громада",
    "668": "Коршівська територіальна громада",
    "669": "Матеївецька територіальна громада",
    "670": "Нижньовербізька територіальна громада",
    "671": "Отинійська територіальна громада",
    "674": "П'ядицька територіальна громада",
    "672": "Печеніжинська територіальна громада",
    "673": "Підгайчиківська територіальна громада",
    "675": "Снятинська територіальна громада",
    "676": "Чернелицька територіальна громада",
    "69": "Косівський район",
    "678": "Космацька територіальна громада",
    "677": "Косівська територіальна громада",
    "679": "Кутська територіальна громада",
    "680": "Рожнівська територіальна громада",
    "681": "Яблунівська територіальна громада",
    "72": "Надвірнянський район",
    "656": "Ворохтянська територіальна громада",
    "657": "Делятинська територіальна громада",
    "658": "Ланчинська територіальна громада",
    "659": "м. Надвірна та Надвірнянська територіальна громада",
    "660": "Пасічнянська територіальна громада",
    "661": "Переріслянська територіальна громада",
    "662": "Поляницька територіальна громада",
    "663": "м. Яремче та Яремчанська територіальна громада",
    "68": "Івано-Франківський район",
    "624": "Богородчанська територіальна громада",
    "625": "Букачівська територіальна громада",
    "626": "м. Бурштин та Бурштинська територіальна громада",
    "623": "Більшівцівська територіальна громада",
    "627": "Галицька територіальна громада",
    "628": "Дзвиняцька територіальна громада",
    "629": "Дубовецька територіальна громада",
    "631": "Загвіздянська територіальна громада",
    "633": "Лисецька територіальна громада",
    "634": "Обертинська територіальна громада",
    "635": "Олешанська територіальна громада",
    "636": "Рогатинська територіальна громада",
    "637": "Солотвинська територіальна громада",
    "638": "Старобогородчанська територіальна громада",
    "639": "Тисменицька територіальна громада",
    "640": "Тлумацька територіальна громада",
    "641": "Угринівська територіальна громада",
    "642": "Ямницька територіальна громада",
    "630": "Єзупільська територіальна громада",
    "632": "м. Івано-Франківськ та Івано-Франківська територіальна громада"
}